week, date, website, count, sadness, contempt, disgust, anger, surprise, fear, happiness, neutral, imageUrl
23,01/03/2016,www.bloomberg.com,1,0.000268192467,0.009955237,0.000139320982,9.3296745e-05,1.61676744e-05,2.36219549e-07,0.403944343,0.5855832,http://assets.bwbx.io/images/users/iqjWHBFdfxIU/i6p.aqniYLLU/v5/-1x-1.jpg
23,01/03/2016,www.bloomberg.com,1,0.0725849047,0.02415788,0.00313716754,0.009943728,0.000141197248,1.57413815e-05,0.00285361381,0.8871658,http://assets.bwbx.io/images/users/iqjWHBFdfxIU/i8i1XHLCBUOc/v5/-1x-1.jpg
23,01/03/2016,www.wsj.com,1,0.0007386001,0.00569433253,0.0131136682,0.2392031,0.09634439,0.000574982143,0.0004173628,0.643913567,https://si.wsj.net/public/resources/images/BN-LZ059_SANDER_G_20160105162909.jpg
23,01/03/2016,www.msnbc.com,1,0.0008359754,0.0140663674,0.0115463166,0.008973981,0.00265836413,3.0504958e-05,0.3445255,0.617363036,http://media1.s-nbcnews.com/j/MSNBC/Components/Video/__NEW/2016-01-06T13-23-50-4Z--1280x720.video_1067x600.jpg
23,01/03/2016,www.nbcnews.com,1,1.38909195e-08,1.6300584e-08,3.65149026e-06,4.592469e-06,6.76351775e-09,6.5062164e-11,0.9999915,2.26763262e-07,http://media4.s-nbcnews.com/j/newscms/2015_53/1356866/151229-bernie-sanders-mn-1040_09db889e45dfad9da33d7b81554c7873.nbcnews-fp-1200-800.jpg
23,01/03/2016,www.politico.com,1,0.000142776174,5.35587351e-05,3.612406e-05,9.829595e-06,7.674082e-06,1.17158585e-07,0.9973793,0.00237059477,http://static.politico.com/2f/19/215196614059944263ed43cefe1b/democrats-in-nevada-with-reid.jpg
23,01/03/2016,www.politico.com,1,0.02596628,0.001721094,0.002147731,0.004094619,0.007560143,0.00555838272,0.0110838059,0.941867948,http://static.politico.com/a7/a3/aa5d7af14a909fd84d2b80cdb8ac/150930-elizabeth-warren-gty-629.jpg
23,01/03/2016,www.msnbc.com,1,0.00302967243,0.005908775,0.03807666,0.299105674,0.05889352,0.00208393415,0.0015298326,0.591371953,http://media1.s-nbcnews.com/j/MSNBC/Components/Video/__NEW/2016-01-08T01-40-53-266Z--1280x720.video_1067x600.jpg
23,01/03/2016,www.bloomberg.com,1,0.0151460273,0.00280620973,0.000553604041,0.00129913026,0.00115281891,9.31848845e-05,0.0464244336,0.932524562,http://www.bloomberg.com/features/2016-bernie-sanders-fundraising/img/bernie_sanders_offstage_1200x630.jpg
23,01/03/2016,www.huffingtonpost.com,1,0.002254013,0.0132212043,0.018577937,0.0435356051,0.12270914,0.000111413356,0.006466289,0.7931244,http://i.huffpost.com/gen/3863954/images/o-BERNIE-SANDERS-facebook.jpg
23,01/03/2016,www.nbcnews.com,1,0.00124654034,0.00253804331,0.000384162733,8.74114339e-05,0.001934657,3.45273947e-05,0.543703258,0.450071424,http://media1.s-nbcnews.com/j/newscms/2016_01/1368881/160108-clintion_guns-1852_ddb3f530a786a506c141bd03e24c78a8.nbcnews-fp-1200-800.jpg
23,01/03/2016,www.politico.com,1,0.0047995504,0.00245772116,0.00463000638,0.0510925837,0.004368128,0.000334677636,0.000204701821,0.932112634,http://v.politico.com/images/1155968404/201601/3467/1155968404_4692439295001_Bernz.jpg?pubId=1155968404
23,01/03/2016,www.msnbc.com,1,0.008339034,0.0336596146,0.01421658,0.08125502,0.02087099,0.00165018032,0.08431609,0.7556925,http://www.msnbc.com/sites/msnbc/files/styles/ratio--1_91-1--1200x630/public/gettyimages-503500120.jpg?itok=YN6szAmP
23,01/03/2016,www.investors.com,1,0.0221226867,0.0047754,0.0218177084,0.0900557041,0.00686892029,0.000463513075,0.000668299,0.8532278,http://www.investors.com/wp-content/uploads/ibd-migrated-images/CAPHILL07-bernie-011116-newscom.jpg
23,01/03/2016,www.wsj.com,1,4.00152676e-05,6.762404e-08,9.795289e-05,0.000154747162,7.070201e-07,8.185288e-08,0.9996795,2.69443153e-05,https://si.wsj.net/public/resources/images/BN-MA502_Sander_G_20160108181529.jpg
23,01/03/2016,www.cnn.com,1,0.000454749272,0.0006287407,0.0001779038,0.002683731,3.91968824e-05,2.813427e-07,0.00193425443,0.99408114,http://i2.cdn.turner.com/cnnnext/dam/assets/160109135123-bernie-sanders-bill-clinton-composite-large-tease.jpg
23,01/03/2016,www.washingtonpost.com,1,0.007745544,0.000297058636,0.00319740246,0.00374845555,0.246446848,0.00290593668,0.000135883311,0.735522866,https://img.washingtonpost.com/rf/image_1484w/2010-2019/Wires/Images/2015-12-31/AP/DEM_2016_Sanders-09e95.jpg
23,01/03/2016,www.bloomberg.com,1,0.0037188197,0.000367402739,5.24578172e-05,0.000617853366,5.97402868e-05,3.06568927e-06,2.50270241e-05,0.995155632,http://assets.bwbx.io/images/users/iqjWHBFdfxIU/i14lmFKHqbtU/v5/-1x-1.jpg
23,01/03/2016,www.cbsnews.com,1,0.009581791,0.00726241525,0.02778841,0.0599099025,0.0373341,0.000211524253,0.343666852,0.514245,http://cbsnews2.cbsistatic.com/hub/i/r/2015/10/21/e28fb84d-6fd4-408f-95e8-b288d76329ec/thumbnail/1200x630/00cb379e6387e773610cb9e3ad8eaa5e/2015-10-21t163920z1336045427tb3ebal1a998nrtrmadp3usa-election-biden.jpg
23,01/03/2016,www.nytimes.com,1,0.00210856716,0.00157053559,0.0002189035,0.00210295618,8.942239e-05,6.666887e-06,7.37897e-05,0.993829131,https://static01.nyt.com/images/2016/01/12/us/12firstdraft-monmouth/12firstdraft-monmouth-facebookJumbo.jpg
23,01/03/2016,www.huffingtonpost.com,1,0.0034907395,0.00172182312,0.00120550243,0.00253545539,0.02824253,6.18151753e-05,0.0041549853,0.95858717,http://img.huffingtonpost.com/asset/2000_1000/569559bc1f00002300215ba6.png?cache=gccxl0jqyz
23,01/03/2016,www.cbsnews.com,1,0.010845731,0.00241170637,0.0137728518,0.00758697232,0.0216726549,0.000426621322,0.00311196246,0.9401715,http://cbsnews2.cbsistatic.com/hub/i/r/2015/12/15/1c90ae6f-f3c4-4321-add5-11d89913b65f/thumbnail/1200x630/2d3f8f367d25cb777835935d9e483d3f/rts4cpx.jpg
23,01/03/2016,www.nytimes.com,1,6.54159157e-05,4.391446e-06,7.24839538e-06,6.51877344e-05,3.51099652e-06,4.42831833e-07,0.999826133,2.76511237e-05,https://static01.nyt.com/images/2016/01/12/us/13PASSIONweb1/13PASSIONweb1-master768-v2.jpg
23,01/03/2016,www.msnbc.com,1,0.00113574439,0.008820837,0.03814734,0.07055556,0.0338836759,5.229084e-05,0.00134277216,0.846061766,http://media1.s-nbcnews.com/j/MSNBC/Components/Video/__NEW/2016-01-13T18-19-39-433Z--1280x720.video_1067x600.jpg
23,01/03/2016,www.cnn.com,1,0.003504051,8.937562e-05,0.00137301243,0.0279730819,0.000776033965,2.5400197e-05,0.000657429162,0.9656016,http://i2.cdn.turner.com/cnnnext/dam/assets/160113144506-bernie-sanders-january-5-2016-large-tease.jpg
23,01/03/2016,www.investors.com,1,0.000737699447,0.0004762019,0.0008434503,0.0004988783,9.04786139e-05,1.52769171e-05,0.9046387,0.09269933,http://www.investors.com/wp-content/uploads/ibd-migrated-images/CAPhill03_Sanders_AP.jpg
22,12/27/2015,www.politico.com,1,0.0287517,0.001939932,0.0106999818,0.0277451463,0.00270403782,0.000156621245,0.000222165938,0.9277804,http://static.politico.com/a8/f6/dd56e27f4f06b236a9f9420c9231/gettyimages-502373252.jpg
22,12/27/2015,www.bloomberg.com,1,0.0110276276,0.00252752379,0.00145254808,0.00275397673,0.011617532,0.000358227582,0.0617538467,0.9085087,https://assets.bwbx.io/images/users/iqjWHBFdfxIU/iWH6rZ4xbjEo/v1/1200x-1.jpg
22,12/27/2015,www.washingtonpost.com,1,0.00167605013,0.000453185028,0.0205622744,0.184791341,0.0341621377,4.03873564e-05,0.6458974,0.112417214,https://images.washingtonpost.com/?url=http://img.washingtonpost.com/blogs/post-politics/files/2015/10/491178000_image_982w.jpg&w=1484&op=resize&opt=1&filter=antialias
22,12/27/2015,www.huffingtonpost.com,1,0.00323034031,0.0007437985,0.0114384051,0.0471038222,0.010953716,5.350637e-05,0.000403681071,0.9260727,http://i.huffpost.com/gen/3840354/images/o-BERNIE-SANDERS-facebook.jpg
22,12/27/2015,www.nytimes.com,1,0.00148929784,0.0064882203,0.0137712657,0.008922682,0.0003851914,5.28864939e-06,0.0132419663,0.9556961,https://static01.nyt.com/images/2016/01/02/us/sanders-firstdraft/sanders-firstdraft-thumbLarge.jpg
22,12/27/2015,www.wsj.com,1,0.2376944,0.009335876,0.0124505125,0.01907427,0.07203568,0.03980856,0.00129283161,0.6083079,https://si.wsj.net/public/resources/images/BN-LX922_bernie_G_20160102133732.jpg
22,12/27/2015,www.cnn.com,1,0.000922931242,0.00128290628,7.663502e-05,0.0007263485,1.19821443e-05,4.33204264e-07,0.000178699775,0.996800065,http://i2.cdn.turner.com/cnnnext/dam/assets/151225074428-bernie-sanders-december-19-2015-large-tease.jpg
22,12/27/2015,www.huffingtonpost.com,1,0.00213902723,0.00131253607,0.0193014685,0.06026773,0.0158759411,4.47056e-05,0.0009701043,0.9000885,http://img.huffingtonpost.com/asset/2000_1000/5689375a1600000001eb9dc2.jpeg
21,12/20/2015,www.huffingtonpost.com,1,0.000295235135,0.00153971557,0.0002938621,6.63481042e-05,8.323976e-06,1.40696625e-06,0.967829764,0.0299653169,http://img.huffingtonpost.com/asset/2000_1000/567836e9190000190178a687.jpeg
21,12/20/2015,www.cnn.com,1,0.0445471555,0.0006169638,0.000479875482,0.0161118,0.00229528663,0.000523125171,7.569141e-07,0.935425043,http://i2.cdn.turner.com/cnnnext/dam/assets/151218074856-bernie-sanders-december-7-2015-large-tease.jpg
21,12/20/2015,www.huffingtonpost.com,1,0.0381386466,0.000404370134,0.002808754,0.00422737468,0.00298190443,0.0009862438,0.8601717,0.09028102,http://img.huffingtonpost.com/asset/2000_1000/567a12031f0000c000e9c6d4.jpeg
21,12/20/2015,www.cbsnews.com,1,0.00371413468,0.00241913483,0.0222479235,0.04727472,0.104906656,0.0012173818,0.0010709702,0.8171491,http://cbsnews2.cbsistatic.com/hub/i/r/2015/11/19/a944c3fd-7de9-485f-8ffb-17a7419b62fd/thumbnail/1200x630/7e4b846f9b9a2b2ca3c26dce7a3521a7/2015-11-19t200527z991527862gf20000066507rtrmadp3usa-election-sanders.jpg
21,12/20/2015,www.huffingtonpost.com,1,0.007448678,0.0006376793,7.89153e-05,0.000538419758,0.005556353,0.00113539514,3.438544e-05,0.984570146,http://img.huffingtonpost.com/asset/2000_1000/567b4f871f0000c000e9c7ec.jpeg
21,12/20/2015,www.cbsnews.com,1,0.0002904851,0.00143361359,0.00193353265,0.00135930779,0.008149068,2.161918e-06,0.00301223784,0.9838196,http://cbsnews3.cbsistatic.com/hub/i/r/2015/12/27/a2a77805-69f7-4e6a-b1c2-1ef47408e3b5/thumbnail/1200x630/e8c6669604e243bdc99aa6a09b577d1c/ftnsanders11227.jpg
21,12/20/2015,www.washingtonpost.com,1,0.0007558882,0.0007683293,3.12896955e-05,0.00358914374,0.000179799623,4.24682366e-05,5.72993758e-06,0.994627357,https://img.washingtonpost.com/rf/image_1484w/2010-2019/WashingtonPost/2015/12/25/Editorial-Opinion/Images/502373248-1629.jpg
21,12/20/2015,www.cnn.com,1,0.00425186427,0.000384326733,0.001429405,0.0174371153,0.01148103,0.000214924687,5.64230468e-05,0.9647449,http://i2.cdn.turner.com/cnnnext/dam/assets/151209074408-bernie-sanders-donald-trump-large-tease.jpg
20,12/13/2015,www.nationalreview.com,1,1.38688392e-06,0.0004627455,2.577886e-08,8.101662e-08,2.74592544e-08,1.91703511e-11,0.111820661,0.887715042,http://c3.nrostatic.com/sites/default/files/page_2014_200_geraghty_square_1.jpg
20,12/13/2015,www.msnbc.com,1,0.0270411,0.00192886416,0.00181707565,0.00187556946,0.00104296824,0.000332309661,0.0679053739,0.898056746,http://www.msnbc.com/sites/msnbc/files/styles/ratio--1_91-1--1200x630/public/gettyimages-501639872.jpg?itok=EsfNiNVI
20,12/13/2015,www.nbcnews.com,1,0.00194693194,0.00049643236,0.0135021741,0.0151064247,0.362065971,0.000190071529,0.000499400136,0.6061926,http://media3.s-nbcnews.com/j/newscms/2015_51/1343376/151216-bernie-sanders-cornel-west_4bef5151ad0ed38775a4a50bf85e36fc.nbcnews-fp-1200-800.jpg
20,12/13/2015,www.politico.com,1,4.48639867e-06,5.2213727e-07,0.000139408672,6.33348e-05,4.88065e-07,1.556602e-08,0.9997355,5.62883943e-05,http://static.politico.com/09/1a/2ed088b74f29818cd9b058b62706/lede-151217-bernie-sanders-gty-1160.jpg
20,12/13/2015,www.wsj.com,1,0.182912976,0.00369867,0.00699610729,0.010775283,0.00248814281,0.000445269776,0.00283813872,0.7898454,https://si.wsj.net/public/resources/images/BN-LT460_1217BE_G_20151217123458.jpg
20,12/13/2015,www.msnbc.com,1,0.0673942044,0.0239527635,0.009123267,0.031637013,0.000324502675,5.454842e-05,0.00227175141,0.865241945,http://www.msnbc.com/sites/msnbc/files/styles/ratio--1_91-1--1200x630/public/ap_883904872763.jpg?itok=bmkTOQGR
20,12/13/2015,www.cnn.com,1,0.00341097638,0.003700511,0.00208228617,0.01375729,0.003907356,6.897468e-05,0.000426434854,0.9726462,http://i2.cdn.turner.com/cnnnext/dam/assets/151218201000-hillary-clinton-debbie-wasserman-schultz-bernie-sanders-composite-2-large-tease.jpg
20,12/13/2015,www.politico.com,1,0.00351755717,0.00134472607,0.0252732821,0.576906,0.2591308,0.0053466633,0.00101914478,0.127461776,http://v.politico.com/images/1155968404/201512/2683/1155968404_4667436167001_Bernie.jpg?pubId=1155968404
20,12/13/2015,www.politico.com,1,0.009584997,0.002429569,0.0224455,0.131124556,0.1577338,0.003185028,0.000731677341,0.6727649,http://static.politico.com/be/cc/af5a368c4aaaaa8208b783c4ac21/bernie-sanders-4-ap-629.jpg
20,12/13/2015,www.nbcnews.com,1,0.0203966573,0.00119379244,9.820894e-05,0.00323757762,0.000366817141,1.4179137e-05,5.189004e-06,0.9746876,http://media3.s-nbcnews.com/j/newscms/2015_51/1346881/151218-bernie-sanders-iowa-829p_d0a213ff09f1b7c589bb3354ed70088e.nbcnews-fp-1200-800.jpg
20,12/13/2015,www.huffingtonpost.com,1,0.00260705128,0.00276044174,0.0134715689,0.0621379949,0.14731738,0.00101676956,0.00292251981,0.7677663,http://img.huffingtonpost.com/asset/2000_1000/5674ed5d160000b300eb948b.jpeg?cache=ysjie71sdl
19,12/06/2015,www.huffingtonpost.com,1,0.04588154,0.270547032,0.0123274336,0.05025951,0.000398264325,6.00930325e-05,0.017996965,0.602529168,http://img.huffingtonpost.com/asset/2000_1000/5664f63e1b0000520129f541.jpeg
19,12/06/2015,www.nbcnews.com,1,0.00176643417,0.00572661,0.005108155,0.0260429569,0.00133775338,4.010329e-06,0.003212723,0.956801355,http://media4.s-nbcnews.com/j/newscms/2015_49/1321191/151130-sanders_bernie_hernia-1437_19046cd854982b1d8dff54a7345a4aa2.nbcnews-fp-1200-800.jpg
19,12/06/2015,www.politico.com,1,0.05153564,0.00574839069,0.0162003171,0.0915977657,0.0180393532,0.00472144037,0.000339683465,0.8118174,http://static.politico.com/b3/69/bf9f1f934be69240eee7857d8549/20151204-thirdwary-sanderscantwin-gettyjpg.jpg
19,12/06/2015,www.washingtonpost.com,1,0.017076524,0.00100309937,0.000730973261,0.00301632471,0.00520171132,0.000791955041,0.000116796211,0.9720626,https://img.washingtonpost.com/rf/image_1484w/2010-2019/WashingtonPost/2015/12/06/National-Politics/Images/Congress_Guns-068b1-3258.jpg
19,12/06/2015,www.msnbc.com,1,0.0153285619,0.00559011241,0.005738319,0.008630049,0.4703259,0.004086694,0.05737709,0.4329233,http://www.msnbc.com/sites/msnbc/files/styles/ratio--1_91-1--1200x630/public/ap_908925735808.jpg?itok=yWjnXGEa
19,12/06/2015,www.washingtonpost.com,1,0.005480024,0.00118520949,0.00015904379,0.000252421247,0.000124005965,1.10820092e-05,0.252858937,0.739929259,https://img.washingtonpost.com/rf/image_1484w/2010-2019/WashingtonPost/2015/11/12/National-Politics/Images/DEM_2016_Sanders-0bddb.jpg
19,12/06/2015,www.foxnews.com,1,0.07507486,0.138933152,0.0116236918,0.0195351653,0.000696494943,6.947906e-05,0.0101043973,0.743962765,http://a57.foxnews.com/media2.foxnews.com/thumbnails/i/031414/0/0/031414_factor_bernie_640.jpg?ve=1
19,12/06/2015,www.nbcnews.com,1,6.68079429e-06,0.000171796244,1.12069774e-05,3.044467e-05,7.085331e-07,8.78754349e-08,0.994206548,0.00557255326,http://media4.s-nbcnews.com/j/newscms/2015_50/1336861/alight-aconcertforprogressonraceinamerica-backstage-jpeg-062d6_aa537726324d032e5f2d068c39c5ae41.nbcnews-fp-1200-800.jpg
19,12/06/2015,www.huffingtonpost.com,1,0.00225275848,0.004880118,0.00141808414,0.0052537187,0.00332196173,2.282491e-05,0.009933069,0.972917438,http://i.huffpost.com/gen/3772660/images/o-BERNIE-SANDERS-facebook.jpg
17,11/22/2015,www.msnbc.com,1,0.01556127,0.00146264851,0.00337852887,0.002602544,0.00583064742,0.0002578652,0.887634158,0.08327231,http://www.msnbc.com/sites/msnbc/files/styles/ratio--1_91-1--1200x630/public/rtx1v756.jpg?itok=TUBBoREz
17,11/22/2015,www.huffingtonpost.com,1,0.0005163992,0.07342047,0.000346889166,0.0004439658,0.000229589117,4.81335564e-06,0.40024507,0.5247928,http://img.huffingtonpost.com/asset/2000_1000/5653f0d62100003e005ab832.jpeg?cache=mj1aa8yjnc
17,11/22/2015,www.nytimes.com,1,0.107554577,0.0828306749,0.00239141472,0.00146937475,0.004496707,0.0005548592,0.018738674,0.7819637,https://static01.nyt.com/images/2015/11/25/us/26SANDERSweb1/26SANDERSweb1-master768.jpg
17,11/22/2015,www.wsj.com,1,3.22529286e-06,8.098949e-08,5.243444e-05,2.03411346e-05,0.00134681666,4.208292e-06,0.998336852,0.000236061343,https://si.wsj.net/public/resources/images/BN-LL860_DEBSjp_G_20151127120656.jpg
17,11/22/2015,www.nytimes.com,1,0.000999982,0.00713832444,0.00646364829,0.0029369,0.0127201248,0.000110403744,0.672651768,0.296978831,https://static01.nyt.com/images/2015/11/27/us/28sanders-web/28sanders-web-master768.jpg
16,11/15/2015,www.huffingtonpost.com,1,5.49088032e-11,7.04386365e-13,8.470705e-11,4.01470142e-11,2.81233639e-07,4.34847047e-10,0.9999997,8.846633e-10,http://i.huffpost.com/gen/3672434/images/o-BERNIE-HILLARY-facebook.jpg
16,11/15/2015,www.wsj.com,1,0.0007711613,0.0009190751,0.0142165655,0.164795324,0.36300382,0.000141406,0.00764363259,0.448509,https://si.wsj.net/public/resources/images/BN-LH923_LABOR1_G_20151117170250.jpg
16,11/15/2015,www.politico.com,1,0.001746783,0.02715188,0.03888226,0.377287537,0.0151941637,9.61573e-05,0.00058028393,0.53906095,http://static.politico.com/9a/a8/879452a9454fadbc5dc72bf5ce82/151117-bernie-sanders-gty-1160.jpg
16,11/15/2015,www.washingtonpost.com,1,0.0003700198,7.344119e-06,1.29685623e-05,0.0002511164,0.00250410079,4.81316965e-05,0.979319632,0.0174866859,https://images.washingtonpost.com/?url=http://img.washingtonpost.com/blogs/post-politics/files/2015/10/DEM_2016_Sanders-01337_image_982w.jpg&w=1484&op=resize&opt=1&filter=antialias
16,11/15/2015,www.msnbc.com,1,0.005733075,0.0045255404,0.0219729524,0.156439081,0.0439159274,0.0011906093,0.003069616,0.7631532,http://www.msnbc.com/sites/msnbc/files/styles/ratio--1_91-1--1200x630/public/rts80fj_copy.jpg?itok=IyvPmsIS
16,11/15/2015,www.politico.com,1,0.000883709465,0.00833444,0.0327444375,0.128119841,0.0124685727,6.430463e-05,0.00086485676,0.816519856,http://v.politico.com/images/1155968404/201511/2773/1155968404_4622155356001_4622099657001-vs.jpg?pubId=1155968404
16,11/15/2015,www.nbcnews.com,1,0.000121637866,0.00220884266,0.000301730935,4.66023957e-05,1.75508249e-05,2.49106819e-07,0.866356254,0.130947128,http://media1.s-nbcnews.com/j/newscms/2015_45/1293126/151106-bernie-sanders-black-voters-yh-1027p_48f14f1e906be745488fdf5e12f22641.nbcnews-fp-1200-800.jpg
15,11/08/2015,www.politico.com,1,0.00483155949,0.00165069057,0.009145913,0.0553628132,0.08530487,0.00051047717,8.282762e-05,0.843110859,http://static.politico.com/6d/86/c5f9b638400c93a3db8a72c46777/151106-bernie-sanders-1-ap-1160.jpg
15,11/08/2015,www.huffingtonpost.com,1,0.05704358,0.00446682237,0.000112479713,0.000117398238,7.281932e-05,6.233341e-06,0.0709033161,0.8672774,http://img.huffingtonpost.com/asset/2000_1000/564242e51800009d00304511.jpeg
15,11/08/2015,www.msnbc.com,1,4.444266e-06,5.5860477e-05,0.000135478753,3.75139484e-06,9.378442e-07,1.70445735e-09,0.988804638,0.0109948982,http://www.msnbc.com/sites/msnbc/files/styles/ratio--1_91-1--1200x630/public/ap410474066715_copy.jpg?itok=QYG4yghS
15,11/08/2015,www.politico.com,1,0.09664225,0.0403454639,0.00676821172,0.0794609562,0.0007846319,0.000139240568,0.002239247,0.77362,http://static.politico.com/04/29/b0df541e40999bd32f0edb9a5d36/151112-sanders-gty-2-1160.jpg
15,11/08/2015,www.cnn.com,1,0.00325598079,0.01784708,0.000714695838,0.0005067189,0.09222543,0.00104796723,0.40145,0.482952118,http://i2.cdn.turner.com/cnnnext/dam/assets/150211170046-lead-intv-david-axelrod-senior-adviser-obama-00000125-medium-plus-169.jpg
15,11/08/2015,www.cbsnews.com,1,0.0127049675,0.008547048,0.001211397,0.00160024932,0.000149583211,1.18559922e-06,0.00343834748,0.9723472,http://cbsnews1.cbsistatic.com/hub/i/r/2015/11/15/5cf18bd8-8da0-45d3-bf66-1e44b246f6a6/thumbnail/1200x630/3c9adefc5c98fe6718ddb32bbbfd78ad/demdebatepart4467115640x360.jpg
15,11/08/2015,www.wsj.com,1,0.0935483649,0.0099746855,0.0112987263,0.03574628,0.007131837,0.000476059446,9.98670657e-05,0.841724157,https://si.wsj.net/public/resources/images/BN-LG602_DEBATE_G_20151114213924.jpg
15,11/08/2015,www.washingtonpost.com,1,0.0150070637,0.0118307183,0.0404973626,0.141051143,0.08600217,0.00168981845,0.000197161236,0.703724563,https://img.washingtonpost.com/rf/image_1484w/2010-2019/Wires/Images/2015-11-14/AP/DEM_2016_Debate-0cb49.jpg
15,11/08/2015,www.huffingtonpost.com,1,0.00196639029,0.00618508831,0.015397951,0.312693536,0.0166147035,0.000243300892,0.000544971554,0.6463541,http://img.huffingtonpost.com/asset/2000_1000/5647fba4180000a700304be6.jpeg
15,11/08/2015,www.washingtonpost.com,1,0.00173669739,0.007477807,0.00297027919,0.00085184857,0.001725506,9.660647e-06,0.7010508,0.2841774,https://images.washingtonpost.com/?url=http://img.washingtonpost.com/blogs/the-fix/files/2015/11/APW1183988.jpg&w=1484&op=resize&opt=1&filter=antialias
15,11/08/2015,www.huffingtonpost.com,1,0.003394643,0.040715307,0.0007340968,4.59283328e-05,4.93565858e-05,2.26905e-06,0.6795729,0.275485545,http://img.huffingtonpost.com/asset/2000_1000/5647f3c51400006f023cad22.jpeg
15,11/08/2015,www.cbsnews.com,1,0.00091266504,0.00711607328,0.00398784364,0.0149230221,0.0111087533,6.668669e-05,0.00613271864,0.955752254,http://cbsnews2.cbsistatic.com/hub/i/r/2015/11/15/f455aeb3-ec08-4d55-8f51-f08a0a5d5bf6/thumbnail/1200x630/9da0ad6a762cd236370ab5cd8a6c3668/ftnsanders1115.jpg
14,11/01/2015,www.nbcnews.com,1,0.00327629875,0.00554217631,0.0133661693,0.012414081,0.005258689,8.855316e-05,0.2994884,0.6605657,http://media3.s-nbcnews.com/j/newscms/2015_45/1287326/151102-hillary-clinton-jsw-1120p_0e353d627c0cab9a2a8992589ad1ea9d.nbcnews-fp-1200-800.jpg
14,11/01/2015,www.huffingtonpost.com,1,0.0005089462,0.004992249,6.778685e-05,2.09235041e-05,0.000353643234,3.78617619e-06,0.490759671,0.503293037,http://img.huffingtonpost.com/asset/2000_1000/563ac2ae29000030004dc39f.jpeg
14,11/01/2015,www.huffingtonpost.com,1,0.0387079865,0.00246941019,0.0211451519,0.0137181673,0.0232674554,0.0002641667,0.00114054466,0.8992871,http://img.huffingtonpost.com/asset/2000_1000/563a3e7a1400002b003c9e81.jpeg
14,11/01/2015,www.cnn.com,1,0.00731785968,0.0101439832,0.00776792131,0.00120863633,0.000119945194,4.46195445e-05,0.9278031,0.0455939546,http://i2.cdn.turner.com/cnnnext/dam/assets/151104151205-marco-rubio-bernie-sanders-composite-large-tease.jpg
14,11/01/2015,www.cnn.com,1,0.0236413553,0.006168104,0.003699308,0.02497975,0.005139322,0.0002179795,0.000272480363,0.9358817,http://i2.cdn.turner.com/cnnnext/dam/assets/151029100536-bernie-sanders-october-28-large-tease.jpg
14,11/01/2015,www.cbsnews.com,1,0.0157868117,0.003752093,0.008994582,0.0204736535,0.08393405,0.00278570084,0.00124105043,0.863032043,http://cbsnews1.cbsistatic.com/hub/i/r/2015/11/05/9bce9c79-f544-42ab-84c0-4a669065055a/thumbnail/1200x630/759ff4a454999ec44392cd521cb4f063/2015-10-30t235845z1509475918gf20000039717rtrmadp3usa-election-sanders.jpg
14,11/01/2015,www.politico.com,1,0.00351298437,0.00151545287,0.006624613,0.05338723,0.07347545,0.000241511239,7.660611e-05,0.8611662,http://static.politico.com/53/7a/040486c94745b98b04aaccd3f9ef/151105-bernie-sanders-ap-1160.jpg
14,11/01/2015,www.washingtonpost.com,1,0.0008252261,0.00117825053,3.73445473e-05,0.00220053573,0.00152800989,0.0001012902,9.35715143e-05,0.9940358,https://img.washingtonpost.com/rf/image_1484w/2010-2019/WashingtonPost/2015/09/12/Others/Images/2015-09-12/___b_111442085190.jpg
14,11/01/2015,www.msnbc.com,1,0.00331373676,0.006707793,0.00260318536,0.03736475,0.02519623,0.000176540489,0.00112963771,0.9235081,http://media1.s-nbcnews.com/j/MSNBC/Components/Video/__NEW/2015-11-07T02-00-47-033Z--1280x720.video_1067x600.jpg
14,11/01/2015,www.msnbc.com,1,0.00133586559,0.000117299322,1.372223e-05,0.000272710371,0.00197343435,4.17264346e-05,0.00172744319,0.9945178,http://www.msnbc.com/sites/msnbc/files/styles/ratio--1_91-1--1200x630/public/ap_341221772476.jpg?itok=Q47dD7N6
14,11/01/2015,www.cbsnews.com,1,0.0139043164,2.67292489e-05,0.000305336376,0.00134133315,0.00637232233,0.000466929661,0.9670576,0.0105254389,http://cbsnews2.cbsistatic.com/hub/i/r/2015/11/07/fb6f555c-86fa-4450-bdf5-2a5b4fb865b7/thumbnail/1200x630/0c131e95317efefa9f14c8047f312465/bernie-sanders-walk-promo.jpg
13,10/25/2015,www.bloomberg.com,1,6.85763439e-07,2.56769945e-05,0.00183192745,0.0024965324,4.973141e-05,4.31597442e-07,0.994401157,0.00119386229,http://assets.bwbx.io/images/users/iqjWHBFdfxIU/ihRpdpHQjCnQ/v5/-1x-1.jpg
13,10/25/2015,www.huffingtonpost.com,1,0.0116414856,0.004090156,0.0158871412,0.0346468054,0.0705035,0.0003072955,0.000106400417,0.8628172,http://img.huffingtonpost.com/asset/2000_1000/562e465c1900002d00b94dc0.jpeg
13,10/25/2015,www.washingtonpost.com,1,0.0414886624,0.003942537,0.0204901919,0.0328038372,0.0124458279,0.000451545144,0.000354179239,0.8880232,https://img.washingtonpost.com/rf/image_1484w/2010-2019/WashingtonPost/2015/10/27/National-Politics/Images/DEM_2016_Sanders-0386e-3832.jpg
13,10/25/2015,www.nbcnews.com,1,0.0138008306,0.0101125529,0.0298429038,0.08442746,0.09847375,0.0100396574,7.531635e-05,0.753227532,http://media3.s-nbcnews.com/j/newscms/2015_44/1280481/151028-bernie-sanders-2159_9aa447d88e48eecd51c3fbad2b7bd220.nbcnews-fp-1200-800.jpg
13,10/25/2015,www.huffingtonpost.com,1,0.00109709892,0.002109549,0.00195793645,0.01668346,0.0134260068,3.992442e-05,0.0006837595,0.964002252,http://img.huffingtonpost.com/asset/2000_1000/56312b251c00006f00570da7.jpeg?cache=s1dtkkb8np
13,10/25/2015,www.msnbc.com,1,0.0020290988,0.00440874,0.0318293832,0.08973785,0.143754363,7.745479e-05,0.00434504356,0.723818064,http://www.msnbc.com/sites/msnbc/files/styles/ratio--1_91-1--1200x630/public/dem_2016_sanders.jpeg-00d90.jpg?itok=rfgxB_54
13,10/25/2015,www.politico.com,1,2.57461161e-05,5.95117535e-06,8.386459e-05,7.441673e-06,1.65336914e-07,1.04019184e-08,0.9997269,0.000149932559,http://static.politico.com/36/d5/2d619ec8447e9cca0f36ae70766d/151029-bernie-sanders-ap-11160.jpg
13,10/25/2015,www.nationalreview.com,1,0.000142919554,0.00114601292,0.00519271242,0.09959421,0.36518088,0.000240719586,0.0275286641,0.5009739,http://c2.nrostatic.com/sites/default/files/uploaded/bernie-sanders-conspiracy-theories-r.jpg
13,10/25/2015,www.nytimes.com,1,0.0004746332,0.00351205165,0.008046983,0.009156402,0.486633867,0.000395047042,0.020536093,0.471244931,https://static01.nyt.com/images/2015/11/01/us/01sanders/01sanders-master768.jpg
12,10/18/2015,www.huffingtonpost.com,1,3.64548036e-08,4.071981e-08,7.684851e-06,2.73358251e-06,3.199036e-09,4.04549935e-11,0.9999894,9.70018448e-08,http://img.huffingtonpost.com/asset/2000_1000/5624eee11200002e007e5607.jpeg?cache=nqorzrwwqw
12,10/18/2015,www.nytimes.com,1,0.00165219523,0.000424674683,0.000875407248,0.003021136,0.24704352,0.00103145232,0.00240233936,0.7435493,https://static01.nyt.com/images/2015/10/20/business/20UP-Socialist/20UP-Socialist-master675.jpg
12,10/18/2015,www.nationalreview.com,1,0.00623064069,0.04994998,0.000333010015,0.0005466723,0.00195145677,0.0001478071,0.18252413,0.7583163,http://c7.nrostatic.com/sites/default/files/page_2012_200_kurtz_square.jpg
12,10/18/2015,www.wsj.com,1,0.000364775769,0.0007130747,0.00686000939,0.0334795825,0.1348732,3.059988e-05,0.000144654,0.823534131,https://si.wsj.net/public/resources/images/BN-KV914_riley1_G_20151020165332.jpg
12,10/18/2015,www.cnn.com,1,0.0009371328,0.00572963,0.0174857453,0.08096523,0.0137819182,4.50554871e-05,0.0782747,0.802780569,http://i2.cdn.turner.com/cnnnext/dam/assets/151020115326-james-woods-bernie-sanders-large-tease.jpg
12,10/18/2015,www.huffingtonpost.com,1,8.493505e-08,7.094126e-08,9.224195e-06,9.699596e-07,1.74053993e-09,7.639202e-12,0.999989331,3.41301927e-07,http://i.huffpost.com/gen/3566528/images/o-BERNIE-SANDERS-facebook.jpg
12,10/18/2015,www.washingtonpost.com,1,0.000227179975,0.00224412186,0.002313504,0.00259032939,0.04715573,4.630764e-06,0.00239574071,0.943068743,https://img.washingtonpost.com/rf/image_1484w/2010-2019/WashingtonPost/2015/10/22/Editorial-Opinion/Images/sanderscollege_socialpanel-5_1022.jpg
12,10/18/2015,www.msnbc.com,1,1.39277481e-05,0.0002636795,7.773829e-06,0.0002170657,0.000136738512,2.50034127e-08,2.25601452e-05,0.9993382,http://www.msnbc.com/sites/msnbc/files/styles/ratio--1_91-1--1200x630/public/gettyimages-494112090__1445782770.jpg?itok=-EVQw37I
12,10/18/2015,www.huffingtonpost.com,1,0.0116414856,0.004090156,0.0158871412,0.0346468054,0.0705035,0.0003072955,0.000106400417,0.8628172,http://img.huffingtonpost.com/asset/2000_1000/562c42f01400002200c7ac3f.jpeg
12,10/18/2015,www.washingtonpost.com,1,0.040292386,0.003963018,0.0202341583,0.03236556,0.0127031906,0.0004542849,0.00037567626,0.8896117,https://img.washingtonpost.com/rf/image_1484w/2010-2019/WashingtonPost/2015/10/25/National-Politics/Images/DEM_2016_Sanders-0386e-3893.jpg
12,10/18/2015,www.cnn.com,1,0.00341166137,0.001135773,0.0006430197,0.0021302083,0.0003307186,1.81949181e-05,0.0030628168,0.9892676,http://i2.cdn.turner.com/cnnnext/dam/assets/151014063428-01-hillary-debate-1014-large-tease.jpg
12,10/18/2015,www.nbcnews.com,1,0.0116439071,0.00192207948,0.05808926,0.14733611,0.274495274,0.00218639872,0.00154973392,0.5027772,http://media1.s-nbcnews.com/j/newscms/2015_43/1275086/25t031731z_240187923_gf20000031664_rtrmadp_3_usa-election-dinner-democrats_1a7dba9be8764c057ebfb16fb790e62c.nbcnews-fp-1200-800.jpg
11,10/11/2015,www.msnbc.com,1,0.00503203,2.679409e-05,1.921821e-05,0.0006902884,3.37532074e-05,4.94193728e-06,2.07242683e-05,0.9941723,http://www.msnbc.com/sites/msnbc/files/styles/ratio--1_91-1--1200x630/public/articles/gettyimages-488741456.jpg?itok=cgjE96_t
11,10/11/2015,www.cnn.com,1,0.160871059,0.000151706365,0.0194915831,0.5325654,0.194914058,0.03609184,0.0135700991,0.0423442237,http://i2.cdn.turner.com/cnnnext/dam/assets/150919094634-bernie-sanders-large-tease.jpg
11,10/11/2015,www.cnn.com,1,7.236915e-07,4.021885e-07,8.694264e-06,3.41394343e-06,7.29525738e-08,1.27998023e-09,0.999960065,2.65974686e-05,http://i2.cdn.turner.com/cnnnext/dam/assets/151013215526-bernie-sanders-democratic-debate-sick-of-hearing-about-hillary-clinton-emails-19-00005521-large-tease.jpg
11,10/11/2015,www.cnn.com,1,0.000467502279,0.00278148148,0.00721861934,0.0157701932,0.03894478,1.268668e-05,0.00151681784,0.9332879,http://i2.cdn.turner.com/cnnnext/dam/assets/151013211207-bernie-sanders-democratic-debate-socialist-large-tease.jpg
11,10/11/2015,www.huffingtonpost.com,1,0.00525799347,0.0186726823,0.06269947,0.3317659,0.008885351,0.0005264298,0.00270401873,0.569488168,http://img.huffingtonpost.com/asset/2000_1000/561db7611400006f003c82c1.jpeg?cache=nz8iijshlp
11,10/11/2015,www.washingtonpost.com,1,0.000178611779,0.0004295221,0.000726575439,0.00198736344,0.4503713,6.09981362e-05,0.352370918,0.193874717,https://images.washingtonpost.com/?url=http://img.washingtonpost.com/blogs/the-fix/files/2015/10/Was8972783.jpg&w=1484&op=resize&opt=1&filter=antialias
11,10/11/2015,www.cbsnews.com,1,6.7511445e-07,1.51076483e-05,1.09173052e-05,4.33026344e-06,4.626007e-08,3.00892444e-09,0.9999427,2.61905516e-05,http://cbsnews1.cbsistatic.com/hub/i/r/2015/10/14/10c166aa-dc97-4af6-8263-d4e0aaafd843/thumbnail/1200x630/55c644108779cf8ab44a815c67de5a19/2015-10-14t015848z791370976tb3ebae05hq3xrtrmadp3usa-election-democrats.jpg
11,10/11/2015,www.washingtonpost.com,1,0.006265618,0.00328388042,0.00651628664,0.004949351,0.0006012839,0.000139223324,0.9043932,0.07385114,https://img.washingtonpost.com/rf/image_1484w/2010-2019/WashingtonPost/2015/10/12/Web-Resampled/2015-10-12/DEM_2016_Sanders-0c9f1-kNcD--296x262@wp.com.jpg
11,10/11/2015,www.washingtonpost.com,1,0.0007421768,0.00437154341,0.000466689,0.00180969993,5.224942e-05,1.18489279e-05,0.459162623,0.5333832,https://images.washingtonpost.com/?url=http://img.washingtonpost.com/blogs/the-fix/files/2015/10/slack-imgs.com_.jpeg&w=1484&op=resize&opt=1&filter=antialias
11,10/11/2015,www.huffingtonpost.com,1,0.00194865942,0.00288684224,0.05598625,0.3181298,0.174009159,0.000144208228,0.000269531069,0.446625561,http://img.huffingtonpost.com/asset/2000_1000/561dc6301400002200c79dda.jpeg?cache=kaj3wojanu
11,10/11/2015,www.nationalreview.com,1,0.00147512543,0.01802472,0.04602923,0.430566669,0.018624682,0.000156877722,0.000438286719,0.4846844,http://c2.nrostatic.com/sites/default/files/uploaded/bernie-sanders-socialism-denmark-r.jpg
11,10/11/2015,www.msnbc.com,1,0.0105502186,0.005602495,0.0011226167,0.00288740662,0.0006764588,2.64353275e-05,0.00501824729,0.974116147,http://www.msnbc.com/sites/msnbc/files/styles/ratio--1_91-1--1200x630/public/dem_2016_debate.jpeg-05f03.jpg?itok=PNLocIMp
11,10/11/2015,www.politico.com,1,0.0057781823,0.00167121284,0.0241262577,0.0578236356,0.192040339,0.000865161943,9.18128862e-05,0.7176034,http://static.politico.com/b6/72/b746de504974949da2e914ecfc76/new-angle151013-hillary-clinton-bernie-sanders-mad-ap-1160.jpg
11,10/11/2015,www.huffingtonpost.com,1,0.02273897,0.00126610266,0.003984803,0.00595193729,0.1443273,0.009382305,0.001987216,0.8103614,http://img.huffingtonpost.com/asset/2000_1000/561db93a1200002e007e50be.jpeg?cache=yapjwocohx
11,10/11/2015,www.msnbc.com,1,0.0007130239,0.00136778632,1.53206856e-05,7.23020858e-05,0.000176613074,1.67605526e-06,0.000421884179,0.997231364,http://media2.s-nbcnews.com/j/MSNBC/Components/Video/__NEW/n_qc_amsanders_151014.video_1067x600.jpg
11,10/11/2015,www.huffingtonpost.com,1,0.006140305,0.06583168,0.0176815912,0.151521415,0.00393396476,7.845792e-05,0.000535415,0.75427717,http://img.huffingtonpost.com/asset/2000_1000/561db41712000026007e50b7.jpeg?cache=oheu6vqtzm
11,10/11/2015,www.huffingtonpost.com,1,0.0009430168,0.00367452484,0.002633591,0.005137624,0.009617873,6.980794e-05,0.0519058853,0.9260177,http://img.huffingtonpost.com/asset/2000_1000/5620f6ea1400002b003c8676.jpeg?cache=zlmputvwzh
11,10/11/2015,www.nbcnews.com,1,6.750456e-07,8.68231837e-07,2.72662237e-05,4.32010438e-06,7.077522e-07,1.73571679e-09,0.9999533,1.281941e-05,http://media2.s-nbcnews.com/i/MSNBC/Components/Video/__NEW/a_mtp_sandersfull_151011.jpg
11,10/11/2015,www.washingtonpost.com,1,0.0009594522,0.006159447,0.04811637,0.193149865,0.00160136167,1.34796092e-05,0.07916867,0.6708314,https://img.washingtonpost.com/rf/image_1484w/2010-2019/WashingtonPost/2015/10/16/National-Politics/Images/2015-10-15T040121Z_01_LUC32_RTRIDSP_3_USA-ELECTION-SANDERS-4073.jpg
11,10/11/2015,www.huffingtonpost.com,1,0.001382771,0.0140433144,0.02560229,0.155087948,0.04039993,5.764326e-05,0.00633358,0.757092535,http://img.huffingtonpost.com/asset/2000_1000/56242f0a1400002b003c87e1.jpeg
11,10/11/2015,www.msnbc.com,1,5.912979e-05,0.005024482,0.000108153334,2.97500246e-05,1.81360829e-05,3.286779e-08,0.478368431,0.5163919,http://www.msnbc.com/sites/msnbc/files/styles/ratio--1_91-1--1200x630/public/493234088.jpg?itok=NXLhCg8f
10,10/04/2015,www.washingtonpost.com,1,0.00234496943,0.00617718138,0.0427306928,0.139443114,0.169558346,6.462052e-05,0.00230029784,0.6373808,https://img.washingtonpost.com/rf/image_1484w/2010-2019/Wires/Images/2015-09-28/Getty/490442828.jpg
10,10/04/2015,www.nbcnews.com,1,0.00244360976,0.00287983334,0.04770562,0.345972449,0.0762757659,7.56638037e-05,0.000170623913,0.524476469,http://media3.s-nbcnews.com/j/newscms/2015_39/1234466/150923-sanders_mayors-1122_b384b651963fad554e08b24d265d9da6.nbcnews-fp-1200-800.jpg
10,10/04/2015,www.nytimes.com,1,0.042879533,0.00226759817,0.000591445831,0.0148395449,5.752421e-05,1.00741681e-05,9.885673e-05,0.9392554,https://static01.nyt.com/images/2015/10/06/us/06SANDERS/06SANDERS-master1050.jpg
10,10/04/2015,www.nationalreview.com,1,0.003341585,0.00324679422,0.0127635589,0.0448039025,0.0968926,0.000233099316,0.008743101,0.829975367,http://c3.nrostatic.com/sites/default/files/uploaded/bernie-sanders-outsider-r.jpg
10,10/04/2015,www.msnbc.com,1,0.008534789,0.01086297,0.00133632543,0.00619471259,0.000351474184,6.26541123e-06,0.00176541379,0.97094804,http://media1.s-nbcnews.com/j/MSNBC/Components/Video/__NEW/2015-10-08T10-44-36-3Z--1280x720.video_1067x600.jpg
10,10/04/2015,www.politico.com,1,0.042690523,0.00133162749,0.00017891232,0.00285828719,7.023487e-05,3.493024e-05,2.579424e-05,0.9528097,http://static.politico.com/29/6d/c8a919094913bea6cccd1d5b0cbc/151007-bernie-2-ap-1160.jpg
10,10/04/2015,www.washingtonpost.com,1,0.000837525,0.0007712824,0.0152570028,0.434280843,0.364166,0.00150404824,0.00175992551,0.181423381,https://img.washingtonpost.com/rf/image_1484w/WashingtonPost/Content/Blogs/post-politics/Images/DEM_2016_Sanders-08371-101.jpg
10,10/04/2015,www.cnn.com,1,0.0196191221,0.000442361576,0.03432437,0.39298743,0.244939268,0.00171888515,0.0202427879,0.285725772,http://i2.cdn.turner.com/cnnnext/dam/assets/150929154553-bernie-sanders-chicago-large-tease.jpg
10,10/04/2015,www.huffingtonpost.com,1,0.0888983458,0.00374067575,0.003953534,0.0345905647,0.00115495571,0.000249487435,0.00045669562,0.866955757,http://img.huffingtonpost.com/asset/2000_1000/5617f86b1400002200c79970.jpeg
10,10/04/2015,www.nbcnews.com,1,0.00544005167,0.005554038,0.00106230087,0.00136269128,0.008222885,0.000100609192,0.0178265125,0.9604309,http://media1.s-nbcnews.com/i/MSNBC/Components/Video/__NEW/2015-10-11T13-33-16-8Z--1280x720.jpg
10,10/04/2015,www.washingtonpost.com,1,0.009297858,0.00237141177,0.004469576,0.00389908045,0.0428463668,0.000670539041,0.0005975329,0.93584764,https://img.washingtonpost.com/rf/image_1484w/2010-2019/WashingtonPost/2015/10/10/National-Politics/Images/DEM_2016_Sanders-0c370-4129.jpg
10,10/04/2015,www.politico.com,1,0.001970765,0.00142230047,0.008783787,0.008590709,0.0006419229,1.12859807e-05,0.233630508,0.744948745,http://static.politico.com/1c/15/68015ab54430b8b72edbfc640ee8/151012-shafer-bernie-ap.jpg
10,10/04/2015,www.nbcnews.com,1,0.0106844874,0.00096459256,0.00083957403,0.000550502155,0.144196019,0.00366514386,0.000798879541,0.8383008,http://media2.s-nbcnews.com/i/MSNBC/Components/Video/__NEW/a_mtp_gunsanders_151011.jpg
10,10/04/2015,www.nbcnews.com,1,8.548195e-09,6.995672e-10,2.82825852e-07,6.90139643e-08,2.52279779e-08,5.184675e-12,0.9999995,8.73037536e-08,http://media2.s-nbcnews.com/j/newscms/2015_41/1257681/151011-bernie-sanders-mtp-jsw-1004a_c8abe03e1cb3f4ce5559c94f2bf15c27.nbcnews-fp-1200-800.jpg
9,09/27/2015,www.msnbc.com,1,0.1437807,0.0264704861,0.00353875733,0.0249093249,0.00238559931,0.00100283907,0.0005276463,0.7973847,http://www.msnbc.com/sites/msnbc/files/styles/ratio--1_91-1--1200x630/public/rtx1sxt6.jpg?itok=IDRrzoCP
9,09/27/2015,www.msnbc.com,1,0.008221382,0.00100856065,0.000590945652,0.003029772,0.00240459759,0.0002931979,0.0974262,0.887025356,http://www.msnbc.com/sites/msnbc/files/styles/ratio--1_91-1--1200x630/public/ap_878937571590.jpg?itok=nGT-JYs6
9,09/27/2015,www.msnbc.com,1,0.06665947,0.0005520638,0.0029486944,0.04563172,0.0501846559,0.00371340965,0.006916654,0.823393345,http://www.msnbc.com/sites/msnbc/files/styles/ratio--1_91-1--1200x630/public/rts1wyo.jpg?itok=wzZb4kjr
9,09/27/2015,www.msnbc.com,1,0.00267924974,0.00269812671,0.000729648047,0.0242014155,0.00406273967,7.45871657e-05,8.143038e-05,0.9654728,http://media2.s-nbcnews.com/j/MSNBC/Components/Video/__NEW/n_hayes_uccbernie_151001.video_1067x600.jpg
9,09/27/2015,www.washingtonpost.com,1,0.00350399921,1.03424527e-05,0.00058806967,0.00134247425,0.0001071551,7.725998e-06,0.9917679,0.002672371,https://img.washingtonpost.com/rf/image_1484w/2010-2019/WashingtonPost/2015/09/30/National-Politics/Images/DEM_2016_Sanders-01c5b-4212.jpg
9,09/27/2015,www.huffingtonpost.com,1,0.127517581,0.001139047,0.0527154058,0.2057742,0.279436052,0.00141339423,0.06295324,0.269051075,http://img.huffingtonpost.com/asset/2000_1000/56105e5a1400002800bfc0a1.jpeg
8,09/20/2015,www.nbcnews.com,1,0.00369581929,0.002553772,0.0130240442,0.0480747856,0.118366815,0.000236386855,0.00664779451,0.8074006,http://media4.s-nbcnews.com/j/newscms/2015_38/1230576/489137268_c61181de7aeb757ff24dbbcadae8d2ab.nbcnews-fp-1200-800.jpg
8,09/20/2015,www.politico.com,1,0.0270562358,0.0002436133,0.0188555587,0.4436336,0.372380018,0.0138793578,0.0203663446,0.103585288,http://static.politico.com/53/a1/13e55bb3402096161d94a70c476b/150921-bernie-sanders-ap-1160.jpg
8,09/20/2015,www.economist.com,1,0.00159981835,0.00276921457,0.0264817383,0.02398992,0.109923504,0.000201856674,0.309923857,0.525110066,http://cdn.static-economist.com/sites/default/files/cf_images/images-magazine/2015/09/26/US/20150926_USP501_facebook.jpg
8,09/20/2015,www.washingtonpost.com,1,1.02411259e-05,5.325569e-05,0.00021462822,2.49036129e-05,0.000268875679,1.40029192e-06,0.9954637,0.003962964,https://img.washingtonpost.com/rf/image_1484w/2010-2019/Wires/Images/2015-09-14/Bloomberg/04930862.jpg
8,09/20/2015,www.bloomberg.com,1,0.0135040972,0.0111011146,0.00757582,0.008331909,0.0104310485,0.000549781136,0.392549843,0.555956364,https://assets.bwbx.io/images/users/iqjWHBFdfxIU/ivePQsh54M54/v1/-1x-1.jpg
7,09/13/2015,www.nationalreview.com,1,0.00193287409,0.0003916497,0.05452728,0.4932398,0.343353122,0.0006328189,0.0006732289,0.105249219,http://c2.nrostatic.com/sites/default/files/uploaded/related_bernie-sanders_gd_150915.jpg
7,09/13/2015,www.washingtonpost.com,1,0.0291910768,0.000774720451,0.004077426,0.0230945535,0.303100228,0.07982433,0.00206308416,0.5578746,https://img.washingtonpost.com/rf/image_1484w/2010-2019/Wires/Images/2015-09-14/Reuters/2015-09-14T181407Z_01_LYN15_RTRIDSP_3_USA-ELECTION-SANDERS.jpg
7,09/13/2015,www.cnn.com,1,0.04083254,0.005261193,0.0560613833,0.134694636,0.36548385,0.00363254524,0.02570664,0.3683272,http://i2.cdn.turner.com/cnnnext/dam/assets/150910153301-bernie-sanders-sep-large-tease.jpg
7,09/13/2015,www.bloomberg.com,1,0.00123516365,0.0366012454,0.0009095374,0.000123304228,0.0002978857,7.826903e-06,0.788706958,0.1721181,https://assets.bwbx.io/images/users/iqjWHBFdfxIU/iADYTNyN77t0/v1/-1x-1.jpg
7,09/13/2015,www.cbsnews.com,1,0.005950126,0.002936405,0.02778501,0.15871717,0.2919651,0.0009896252,0.008648008,0.503008544,http://cbsnews2.cbsistatic.com/hub/i/r/2015/09/14/885d658f-4fa5-4815-a6a8-120264a600de/thumbnail/1200x630/aff020a622533c4468f6bc2866605303/rts12ta.jpg
7,09/13/2015,www.msnbc.com,1,0.00295384275,0.00504012359,0.0307449531,0.164781108,0.07221631,0.000212317565,0.0233759023,0.7006754,http://www.msnbc.com/sites/msnbc/files/styles/ratio--1_91-1--1200x630/public/ap_597885584924.jpg?itok=wzmRPrUp
7,09/13/2015,www.wsj.com,1,0.241423845,0.0468076132,0.0174327251,0.03105527,0.0007408537,0.0007873857,0.0029728692,0.658779442,https://si.wsj.net/public/resources/images/BN-KH174_SANDER_G_20150914131555.jpg
7,09/13/2015,www.nbcnews.com,1,0.06186393,0.009170884,0.07107716,0.177867532,0.219322279,0.020212017,0.00150853826,0.438977659,http://media2.s-nbcnews.com/j/newscms/2015_38/1223296/150915-bernie_sanders_mitchell-1352_574b417ec757bc6b24a26afdcfdab356.nbcnews-fp-1200-800.jpg
7,09/13/2015,www.washingtonpost.com,1,0.008764199,0.004018168,0.00293952483,0.005819582,0.00602058833,0.000126274172,0.00370910252,0.968602538,https://images.washingtonpost.com/?url=http://img.washingtonpost.com/blogs/plum-line/files/2015/05/bernie031430420291.jpg&w=1484&op=resize&opt=1&filter=antialias
7,09/13/2015,www.bloomberg.com,1,0.009512514,0.00100992224,0.003916969,0.013239909,0.02288249,0.00030530896,0.0008930246,0.948239863,https://assets.bwbx.io/images/users/iqjWHBFdfxIU/icR9h44im2zU/v1/-1x-1.jpg
7,09/13/2015,www.nbcnews.com,1,0.266742855,0.103844821,0.01897568,0.03711851,0.000411733636,0.000247325544,0.004856345,0.5678027,http://media4.s-nbcnews.com/j/newscms/2015_38/1221406/150914-sanders_liberty-1502_481451ddceb2626956a066d4a4a33286.nbcnews-fp-1200-800.jpg
7,09/13/2015,www.huffingtonpost.com,1,0.0134925861,0.002577046,0.0154192625,0.0205161329,0.0224366076,0.000238008768,0.00182221143,0.923498154,http://img.huffingtonpost.com/asset/2000_1000/55f9cadb2000002600242528.jpeg
7,09/13/2015,www.cbsnews.com,1,0.009396319,0.0039916574,0.00197613053,0.006445966,0.001265083,1.60586424e-05,6.41332663e-05,0.976844668,http://cbsnews2.cbsistatic.com/hub/i/r/2015/09/18/335c04e0-0475-4f15-b27a-9ea5bbe1c18c/thumbnail/1200x630/a64523d071a6f76df681f6d8969392d9/politicssanders0918.jpg
7,09/13/2015,www.msnbc.com,1,0.000144307618,0.00373349176,0.00556653738,0.00156963337,0.000141438475,3.07366747e-07,0.5904215,0.398422778,http://www.msnbc.com/sites/msnbc/files/styles/ratio--1_91-1--1200x630/public/ap_55094304458.jpg?itok=NIzAsk2L
7,09/13/2015,www.cbsnews.com,1,1.682796e-08,1.78894277e-09,6.037369e-08,1.23558834e-06,3.0171674e-09,3.29769351e-10,0.9999987,7.839203e-09,http://cbsnews3.cbsistatic.com/hub/i/r/2015/09/18/bba12d2f-24da-4cb4-96cd-72981a023c4f/thumbnail/1200x630/2c8b2930b2f4ac6b3beaa9aad84c91df/ctm0918berniesanders446266640x360.jpg
7,09/13/2015,www.cbsnews.com,1,0.0250638518,0.0723033249,0.007542425,0.07013133,0.00116117,0.000265790237,0.07796515,0.745566964,http://cbsnews2.cbsistatic.com/hub/i/r/2015/09/20/41c35bcb-5b1f-4040-9b78-88eaa46e8f94/thumbnail/1200x630/9b01ac48f8a9aeb7cd1792d1a937c065/rts1wp7.jpg
6,09/06/2015,www.wsj.com,1,0.0118635818,0.00177991821,0.00154044526,0.00563746644,0.0322173871,0.000288486219,0.00132686191,0.9453459,https://si.wsj.net/public/resources/images/BN-KF660_0909dr_G_20150909190448.jpg
6,09/06/2015,www.huffingtonpost.com,1,0.002893322,0.006851808,0.0007889049,0.02976653,0.00145166321,0.000194671171,0.000412945054,0.9576402,http://img.huffingtonpost.com/asset/2000_1000/55f1e94a1700009a01569e57.jpeg
6,09/06/2015,www.politico.com,1,0.01944358,0.00816081,0.0005326507,0.0002081296,0.000131554683,3.6065343e-05,0.7924709,0.179016367,http://static.politico.com/0d/c3/d6b06a334008bc3ba15970184ea0/150909-bernie-sanders-gty-1160.jpg
6,09/06/2015,www.cnn.com,1,2.69981228e-06,0.00186589314,5.072468e-07,9.897291e-08,1.37246377e-06,3.14491744e-09,0.9938357,0.0042937547,http://i2.cdn.turner.com/cnnnext/dam/assets/150909210119-02-hillary-clinton-bernie-sanders-split-large-tease.jpg
6,09/06/2015,www.nbcnews.com,1,0.00730524957,0.00115416315,0.00426811,0.0274991412,0.0305155944,0.0006076261,5.425974e-05,0.928595841,http://media2.s-nbcnews.com/j/newscms/2015_37/1218391/150911-berniesanders-sg-1333_f12f58d5b13df63ce132ef92038cb0cb.nbcnews-fp-1200-800.jpg
6,09/06/2015,www.washingtonpost.com,1,0.0239657443,0.00329356967,0.0124358851,0.0143701993,0.005501549,0.0006810128,0.779220045,0.160532013,https://img.washingtonpost.com/rf/image_1484w/2010-2019/WashingtonPost/2015/09/07/Others/Images/2015-09-07/bs41441653310.jpg
6,09/06/2015,www.huffingtonpost.com,1,0.00134934147,0.00364010339,0.00113736966,0.000211332546,1.04174105e-05,1.86901093e-06,0.983256459,0.0103930943,http://img.huffingtonpost.com/asset/2000_1000/55f4b233180000270061ced2.jpeg
6,09/06/2015,www.msnbc.com,1,6.510728e-05,6.754617e-06,2.11824585e-07,2.61883215e-05,4.620204e-06,4.61743525e-07,2.00292125e-05,0.9998766,http://media1.s-nbcnews.com/j/MSNBC/Components/Video/__NEW/2015-09-13T15-14-49-6Z--1280x720.video_1067x600.jpg
6,09/06/2015,www.msnbc.com,1,0.000402735721,4.47076745e-05,0.00280354964,0.000218621411,1.8548948e-05,1.23366169e-06,0.990059257,0.006451322,http://media1.s-nbcnews.com/j/MSNBC/Components/Video/__NEW/2015-09-18T01-23-31-766Z--1280x720.video_1067x600.jpg
5,08/30/2015,www.cnn.com,1,0.00749322632,0.006735808,0.0120639363,0.00167135266,0.000140902281,5.726575e-05,0.9200001,0.0518374555,http://i2.cdn.turner.com/cnnnext/dam/assets/150813065221-bernie-sanders-august-10-2015-large-tease.jpg
5,08/30/2015,www.nbcnews.com,1,0.00489596929,0.000143563186,4.344373e-05,0.000431896973,0.0054736957,0.000135657683,0.929392159,0.0594836175,http://media1.s-nbcnews.com/j/newscms/2015_36/1199266/150830-bernie-donald-combo-2p_a2b0b147f916d011d23c6ac6f6b0b31f.nbcnews-fp-1200-800.jpg
5,08/30/2015,www.huffingtonpost.com,1,0.0133307762,0.00671318546,0.01370024,0.059767928,0.02595808,0.0006899581,0.0009322864,0.878907561,http://i.huffpost.com/gen/3350274/images/o-BERNIE-SANDERS-facebook.jpg
5,08/30/2015,www.wsj.com,1,0.000246382959,0.000531108759,0.0006506499,8.70648655e-05,5.181267e-06,1.76627282e-07,0.9734201,0.0250593722,https://si.wsj.net/public/resources/images/BN-KD899_birrel_G_20150904104651.jpg
5,08/30/2015,www.nbcnews.com,1,9.310174e-06,0.000161108968,0.000283266243,2.08935453e-05,1.94805361e-05,5.42607772e-08,0.9780481,0.0214577839,http://media1.s-nbcnews.com/j/newscms/2015_36/1208216/150906-bernie-11a_767ce62aaeefa340ed31aa6c92821b9a.nbcnews-fp-1200-800.jpg
5,08/30/2015,www.nationalreview.com,1,0.00141887763,0.000406621082,0.0127115157,0.184573069,0.426752031,0.0008989884,0.0007883563,0.372450531,http://c9.nrostatic.com/sites/default/files/uploaded/bernie-sanders-wrong-about-america-r.jpg
4,08/23/2015,www.nytimes.com,1,0.005148238,0.0017327721,0.0023519448,0.000451837,0.00626632245,0.000149245912,0.247059464,0.7368402,https://static01.nyt.com/images/2015/08/26/us/26SANDERSMONEY-1440543119743/26SANDERSMONEY-1440543119743-master1050.jpg
4,08/23/2015,www.msnbc.com,1,0.000393594615,0.00111522991,7.75089939e-05,0.0007354634,0.000118492717,3.12269634e-07,0.00254426547,0.995015144,http://media1.s-nbcnews.com/j/MSNBC/Components/Video/__NEW/2015-08-28T19-45-02-5Z--1280x720.video_1067x600.jpg
4,08/23/2015,www.huffingtonpost.com,1,0.0377007872,0.00289410772,0.00712042442,0.00269876281,0.02288955,0.00198510964,0.2660069,0.65870434,http://img.huffingtonpost.com/asset/2000_1000/55e3132e14000077002e45e4.jpeg
3,08/16/2015,www.cbsnews.com,1,0.004576846,0.00263735582,0.0916798562,0.375382632,0.103266954,0.000127348423,0.0008208181,0.4215082,http://cbsnews1.cbsistatic.com/hub/i/2014/08/26/eb087a3f-5104-4d31-8acd-4a61df89bef0/183100756.jpg
3,08/16/2015,www.nationalreview.com,1,0.0157244243,0.003618622,0.00306775048,0.005093953,0.0114672333,0.00162769516,0.008996083,0.9504042,http://c2.nrostatic.com/sites/default/files/uploaded/trump-related-replace.jpg
3,08/16/2015,www.bloomberg.com,1,0.0290739127,0.007246185,0.0108201215,0.0275128745,0.0384382233,0.009157556,0.0107894046,0.8669617,https://assets.bwbx.io/images/users/iqjWHBFdfxIU/iNLVZn1Go4mQ/v1/-1x-1.jpg
3,08/16/2015,www.wsj.com,1,0.00441423152,2.2520253e-06,0.00161895063,0.000335392455,0.00419925433,9.018137e-05,0.9891065,0.000233276442,https://si.wsj.net/public/resources/images/BN-JY660_BERNIE_G_20150821195847.jpg
3,08/16/2015,www.nytimes.com,1,0.000286322727,0.00145630678,0.0170031451,0.0112370849,0.000131893161,5.364431e-06,0.8487975,0.121082373,https://static01.nyt.com/images/2015/08/17/magazine/23mag-talk-1/23mag-talk-1-blog427-v2.jpg
2,08/09/2015,www.washingtonpost.com,1,0.0114971828,0.009484711,0.00316401781,0.0289825555,0.005700726,6.42299055e-05,0.000360182545,0.940746367,https://img.washingtonpost.com/rf/image_1484w/2010-2019/WashingtonPost/2015/07/26/National-Politics/Images/226216662.jpg
2,08/09/2015,www.politico.com,1,0.0003541784,1.23721711e-05,1.71386955e-06,0.000171256746,0.000226126183,9.847976e-06,2.20464844e-05,0.99920243,http://s3-origin-images.politico.com/2015/08/10/150810_bernie_sanders_black_lives_ap_1160.jpg
2,08/09/2015,www.washingtonpost.com,1,3.71545e-08,1.18468378e-07,0.000180305637,7.47802e-05,2.824531e-06,3.16000315e-09,0.9997407,1.2308293e-06,https://img.washingtonpost.com/rf/image_1484w/2010-2019/WashingtonPost/2015/08/11/Others/Images/2015-08-11/bs201439265851.jpg
2,08/09/2015,www.politico.com,1,0.000453330256,0.00014146023,2.13400244e-06,6.905592e-05,0.00376935466,1.88167178e-05,0.000954634,0.994591236,http://s3-origin-images.politico.com/2015/08/12/150811_scher_bernie_ap.jpg
2,08/09/2015,www.cnn.com,1,0.000388548826,0.00154282572,0.00559536228,0.0261203647,0.07294705,5.457146e-05,9.020287e-05,0.8932611,http://i2.cdn.turner.com/cnnnext/dam/assets/150626140203-hillary-clinton-bernie-sanders-large-tease.jpg
2,08/09/2015,www.msnbc.com,1,0.055709552,0.012602089,0.0366284,0.112294853,0.0574866533,0.101191029,0.0114018153,0.6126856,http://media1.s-nbcnews.com/j/MSNBC/Components/Video/__NEW/2015-08-14T01-20-11-733Z--1280x720.video_1067x600.jpg
2,08/09/2015,www.msnbc.com,1,0.006377399,0.0132524166,0.0435337573,0.422973245,0.08528489,0.00380633259,0.000333114847,0.424438834,http://media1.s-nbcnews.com/j/MSNBC/Components/Video/__NEW/2015-08-15T00-42-43-733Z--1280x720.video_1067x600.jpg
2,08/09/2015,www.nbcnews.com,1,0.00414425,0.1187898,0.00706798444,0.0264573768,0.0302242357,0.00116509746,0.004021582,0.808129668,http://media1.s-nbcnews.com/j/newscms/2015_33/1176421/484141412_ef4d6a3097629c279c3236d1e3101cd7.nbcnews-fp-1200-800.jpg
1,08/02/2015,www.wsj.com,1,0.08563539,0.00351917278,0.09829444,0.0133373337,0.12703298,0.001385715,0.000940122467,0.6698549,https://si.wsj.net/public/resources/images/BN-JS204_HEADHE_G_20150804172309.jpg
1,08/02/2015,www.bloomberg.com,1,0.145601377,0.137082934,0.002518517,0.0164672881,5.49481738e-05,2.19990343e-05,0.00232402,0.695928931,https://assets.bwbx.io/images/users/iqjWHBFdfxIU/i5QvwenWvqLQ/v2/-1x-1.jpg
1,08/02/2015,www.cbsnews.com,1,0.0065371953,0.00757850055,0.01151793,0.2183745,0.0185935441,0.0005924228,1.75177211e-05,0.7367884,http://cbsnews1.cbsistatic.com/hub/i/r/2015/08/07/4fd244c8-86cf-4f3f-926b-5fdfa75f14c8/thumbnail/1200x630/b8a83b489c5a771a12009ea8817a2911/sanders.jpg
1,08/02/2015,www.huffingtonpost.com,1,0.009392704,0.0008033863,0.00172103685,0.0048503466,0.00331740431,0.000254811021,0.000173430934,0.9794869,http://img.huffingtonpost.com/asset/2000_1000/55c69f531700006e00566fe4.png
1,08/02/2015,www.washingtonpost.com,1,0.09743467,0.008532425,0.00729130348,0.0289653614,0.0142597454,0.005076315,0.01054048,0.8278997,https://img.washingtonpost.com/rf/image_1484w/2010-2019/WashingtonPost/2015/07/20/National-Politics/Images/2015-07-19T211947Z_01_DAL18_RTRIDSP_3_USA-POLITICS.jpg
1,08/02/2015,www.cbsnews.com,1,0.0004565822,1.504505e-05,2.27439773e-06,0.000189974526,9.035643e-05,4.278893e-06,2.68903641e-05,0.9992146,http://cbsnews1.cbsistatic.com/hub/i/r/2015/08/09/ddc462e2-a8b0-455b-81e3-026946bf6390/thumbnail/1200x630/99b2110827553f0cf28563761b82493b/ap847914473793.jpg
1,08/02/2015,www.huffingtonpost.com,1,0.0004890172,0.0124533549,0.0152565548,0.825530767,0.004664627,0.000232508013,8.96188e-05,0.141283527,http://img.huffingtonpost.com/asset/2000_1000/55c812a414000077002e2647.jpeg
1,08/02/2015,www.msnbc.com,1,0.000302160275,7.63102253e-06,1.11220788e-06,0.000135477167,0.000118336015,5.319068e-06,1.50731139e-05,0.9994149,http://www.msnbc.com/sites/msnbc/files/styles/ratio--1_91-1--1200x630/public/ap_847914473793.jpg?itok=djrYCWpZ
1,08/02/2015,www.nbcnews.com,1,0.0003937982,1.87458791e-05,3.00231386e-06,0.000281541725,0.000298017461,1.10156361e-05,3.46295456e-05,0.998959243,http://media4.s-nbcnews.com/j/newscms/2015_32/1164621/aptopix_dem_2016_sanders-jpeg-00f2c_91a905fd6549f3d06b307384b26eba57.nbcnews-fp-1200-800.jpg
1,08/02/2015,www.politico.com,1,0.0357313268,0.0108932052,0.168846846,0.300297558,0.2600092,0.0278335977,0.00120161183,0.195186645,http://s3-origin-images.politico.com/2015/08/09/150809_kruse_sanders2_ap.jpg
1,08/02/2015,www.msnbc.com,1,0.0300161112,0.0008538888,0.00219130074,0.00125387311,0.307747155,0.0125847394,0.0003607657,0.6449922,http://media2.s-nbcnews.com/j/MSNBC/Components/Video/__NEW/n_hayes_EF_150811.video_1067x600.jpg
1,08/02/2015,www.cbsnews.com,1,0.009409807,0.03619567,0.00455431873,0.00360322976,0.005793555,0.000102865037,0.123739317,0.8166012,http://cbsnews1.cbsistatic.com/hub/i/r/2015/08/26/0d116f8b-4afd-4de5-a316-d50377a46520/thumbnail/1200x630/fde2f960664a78b1693d47dde5260e3b/2015-08-26t202746z2076496478waseb8q17lp01rtrmadp3usa-election-clinton.jpg
0,07/26/2015,www.cnn.com,1,0.00514302962,0.00336886919,0.000346007058,0.008184249,0.000426711165,1.04474721e-05,0.0005306861,0.98199,http://i2.cdn.turner.com/cnnnext/dam/assets/150720073421-bernie-sanders-july-18-2015-large-tease.jpg
0,07/26/2015,www.bloomberg.com,1,1.70346581e-07,2.13994468e-07,1.48493717e-10,1.45077877e-07,5.972091e-08,3.41460957e-11,6.698839e-09,0.9999994,https://assets.bwbx.io/images/users/iqjWHBFdfxIU/iOjMRweGiMPs/v2/-1x-1.jpg
0,07/26/2015,www.cnn.com,1,0.03400334,0.002308917,0.00122626242,0.00207427237,0.149765879,0.0201923214,0.00136542169,0.7890636,http://i2.cdn.turner.com/cnnnext/dam/assets/150730090330-bernie-sanders-donald-trump-large-tease.jpg
0,07/26/2015,www.politico.com,1,0.0121960621,0.0004602324,0.00442868238,0.03903879,0.0120353764,0.0007958635,0.260433257,0.670611739,http://s3-origin-images.politico.com/2015/08/06/150806_bernie_sanders_ap_1160.jpg
